Actual_Sales,Predicted_Sales
78882.06,147713.3494904653
319063.57,319449.1914228642
296466.19,316689.5783820632
209911.45,189339.2592391458
302100.62,229628.32544731122
74898.63,148214.8625320496
139699.83,162027.72675589778
136749.79,135251.28119589048
164308.13,133244.67345166858
308221.35,335586.2243011847
242704.7,346899.42485202366
262726.14,313126.2180135904
607195.61,432935.21594509267
159196.15,159009.5711256412
151796.18,84210.46372655101
443895.33,402793.27461873874
123472.06,55449.26878051665
265722.56,279401.65250902646
309868.88,300488.96780401043
253869.31,263400.9209250931
204489.05,244677.36779309792
211680.12,236403.1993347751
119869.03,50650.56390588888
345034.47,384171.8121221359
209881.45,207837.91956897613
233113.79,220078.65499946228
117659.82,161626.66905650703
119953.36,257090.97867698083
128902.86,129922.93662770774
385876.59,394910.6641241663
256927.2,229373.53796739696
275773.29,294941.81271379994
470467.27,412824.64426081267
277433.0,191097.67886860212
398584.9,380087.43840682606
232487.36,270116.02928748203
182758.92,218504.4856275932
218784.76,187822.05952418776
356642.08,299545.58341591887
287269.21,221560.23456652914
123674.33,144002.19846802874
220386.04,286678.48874253593
300426.22,265252.49019204895
247579.1,264492.82911778893
99847.59,149724.33555573315
214879.02,153340.11350271467
283219.57,314163.5879957913
231117.94,253046.95916347473
54206.8,124157.10455113807
237096.66,227738.58127117986
92028.18,142316.41014762153
314775.33,312143.1070166903
163289.17,200005.29493198745
302522.57,298278.83996016847
207480.8,149168.3504711139
180606.37,118016.04668616544
197876.42,234435.3742876579
310364.68,285826.4294521474
164239.08,206442.4263326262
241504.71,328665.14031491487
382138.19,400472.9345170873
104175.98,122939.11104793905
323538.06,288615.11500518874
291574.1,324717.94340140064
289378.04,265504.4590488826
256401.43,299512.57849134784
434633.78,401141.287263094
398961.67,340093.4761392663
142503.29,110246.66057978747
377044.9,369615.61005542305
210055.71,199877.53405892366
140708.9,142264.23215543482
170122.42,159903.89452303445
275004.42,286962.1058214735
313358.02,263584.6023956357
180660.06,191025.10695915826
170789.5,244029.36079125587
191919.8,194465.6534972531
329188.51,335809.5721959815
428323.75,340292.9352536772
158182.57,110642.59497665842
245629.29,252910.6866763411
240121.65,321619.5031536324
142908.51,157369.5742452825
234087.93,266115.69558560476
347478.81,270397.3469325607
298234.5,301780.1906800451
177360.63,107377.72299440419
260112.69,265570.94515832874
146143.0,210701.0691872323
193377.18,137786.6099044824
321267.23,330200.22235584154
208550.56,236164.6180231048
203717.67,234653.68091506185
207344.0,246604.01229466638
173791.23,153045.77292747324
275563.34,273702.71547710913
99735.06,191123.91242031945
119711.04,137375.8471591325
217188.79,169013.46618603193
196996.58,270089.82771800825
282809.41,272130.3331820632
173557.37,255831.70676870306
115338.39,125771.18800509226
223054.85,181875.32508442987
194707.23,264727.6486553032
247906.33,233371.06012642282
697935.23,521311.1492328738
246581.2,244615.46923619127
181355.85,100988.0646546566
346493.05,362486.49663771316
255884.98,217550.49417272044
101390.62,160412.47680850787
525745.65,434075.1236694575
182923.13,142122.77492651105
263846.48,331632.7575731424
122694.65,8564.504693270512
794669.59,583267.7542868776
221135.23,223516.3731479287
408751.79,412685.74261141417
119679.23,136406.3899975422
429233.43,437795.6162870911
126004.74,111428.85101848513
266564.53,222272.6107371922
368706.59,383626.3735012482
201295.9,204563.55456451495
441963.35,355209.37457862834
150321.45,153276.97929253342
89837.07,125702.57475474494
207722.31,238553.4213154123
193015.45,153070.93240795378
385781.88,394551.03210513864
765983.38,507237.6584052337
367479.96,342912.9850705568
221122.22,288867.93855948467
197735.37,208732.57400928176
430180.93,361490.9971471394
400976.56,447043.22545941
248677.27,160653.75331424605
284172.41,294293.1734876277
157640.78,171541.19652616192
229666.5,217702.3512100281
205037.69,187908.24570593465
175961.44,183519.50946921337
78565.6,-49926.43673640667
109691.06,155793.27946004132
168123.28,243241.2353847048
156646.96,161394.25008129375
334197.66,367899.3180329391
327578.54,329242.1491439274
245373.66,117217.74606798947
269999.36,223131.94059380735
276435.83,301030.23330396414
341870.9,278757.39280677115
161833.38,113928.01159505919
278273.62,281125.0820987521
149004.24,214575.98451464498
174977.47,181694.63779194854
233645.53,115384.51917870544
177406.94,178809.93534233308
284790.59,223293.63010652398
235360.91,245521.4258636241
138566.5,155960.4722161758
175390.26,154801.9365322905
104227.76,87939.33917624051
196275.04,261172.12935301417
146993.44,140966.4231755258
177623.22,232090.66384395436
259091.37,326582.59949914477
247591.63,257860.8355885303
256372.8,262790.14008818916
199033.92,262327.79140056507
144821.5,169951.21644372412
296120.8,261603.1728217546
188538.01,222211.3352274233
159161.4,202636.20365331037
139873.88,198283.06871275004
122861.78,37238.72671719192
191344.84,168895.3604483634
256732.57,296744.98661196826
297722.03,272617.2566451728
149538.21,116126.54124823108
231887.34,237752.61321581632
130978.81,116395.17273942128
400067.9,413260.46452898846
75245.3,115148.15323064152
155939.04,223926.6259154746
240622.89,302120.4196177698
185669.38,162680.81038756168
100037.25,99614.58113779276
172072.57,159137.0483902623
245172.61,257621.4001326136
207241.29,171378.52737359208
126271.96,162375.21786720015
80653.0,170590.2524250982
292139.27,306133.88528669695
336661.53,370720.9780984614
218766.76,264512.5716948472
182074.79,237044.59084147343
210590.84,242241.8119255703
